{"cameraMode":{"drawMode":0,"name":"Shaded","section":"Shading Mode"},"sceneLighting":true,"audioPlay":false,"sceneViewState":{"showFog":true,"showMaterialUpdate":false,"showSkybox":true,"showFlares":true,"showImageEffects":true,"showParticleSystems":true},"in2DMode":false,"pivot":{"x":0.4493716061115265,"y":1.167875051498413,"z":-1.162475824356079},"rotation":{"x":0.04002208262681961,"y":-0.7435216307640076,"z":0.044668830931186679,"w":0.6660470962524414},"size":1.9681172370910645,"orthographic":false}